year,imdb,title
2013,tt1711425,21 &amp; Over
2012,tt1343727,Dredd 3D
2013,tt2024544,12 Years a Slave
2013,tt1272878,2 Guns
2013,tt0453562,42
2013,tt1335975,47 Ronin
2013,tt1606378,A Good Day to Die Hard
2013,tt2194499,About Time
2013,tt1814621,Admission
2013,tt1815862,After Earth
2013,tt1800241,American Hustle
2013,tt1322269,August: Osage County
2013,tt1559547,Beautiful Creatures
2013,tt2334873,Blue Jasmine
2013,tt1535109,Captain Phillips
2013,tt1939659,Carrie
2013,tt1985966,Cloudy with a Chance of Meatballs 2
2013,tt1690953,Despicable Me 2
2013,tt2229499,Don Jon
2013,tt1535108,Elysium
2013,tt1731141,Ender&#39;s Game
2013,tt0848537,Epic
2013,tt0765446,Escape from Planet Earth
2013,tt1211956,Escape Plan
2013,tt1288558,Evil Dead
2013,tt1905041,Fast and Furious 6
2013,tt2294629,Frozen
2013,tt1583421,G.I. Joe: Retaliation
2013,tt1321870,Gangster Squad
2013,tt2425486,Gloria
2013,tt1454468,Gravity
2013,tt2191701,Grown Ups 2
2013,tt1428538,Hansel &amp; Gretel: Witch Hunters
2013,tt1798709,Her
2013,tt2024432,Identity Thief
2013,tt2226417,Insidious: Chapter 2
2013,tt1300854,Iron Man 3
2013,tt1351685,Jack the Giant Slayer
2013,tt1650554,Kick-Ass 2
2013,tt1204975,Last Vegas
2013,tt1327773,Lee Daniels&#39; The Butler
2013,tt2002718,Machete Kills
2013,tt2023587,Mama
2013,tt0770828,Man of Steel
2013,tt1821549,Nebraska
2013,tt1670345,Now You See Me
2013,tt1483013,Oblivion
2013,tt2302755,Olympus Has Fallen
2013,tt1623205,Oz the Great and Powerful
2013,tt1663662,Pacific Rim
2013,tt1980209,Pain &amp; Gain
2013,tt1904996,Parker
2013,tt1699755,Peeples
2013,tt1854564,Percy Jackson: Sea of Monsters
2013,tt1392214,Prisoners
2013,tt0790736,R.I.P.D.
2013,tt1821694,Red 2
2013,tt1411250,Riddick
2013,tt2364841,Runner Runner
2013,tt1979320,Rush
2013,tt1702439,Safe Haven
2013,tt2140373,Saving Mr. Banks
2013,tt2053463,Side Effects
2013,tt1408101,Star Trek Into Darkness
2013,tt1572315,Texas Chainsaw 3D
2013,tt1931435,The Big Wedding
2013,tt0816442,The Book Thief
2013,tt1911644,The Call
2013,tt1457767,The Conjuring
2013,tt2193215,The Counselor
2013,tt0481499,The Croods
2013,tt2404311,The Family
2013,tt1837703,The Fifth Estate
2013,tt2005374,The Frozen Ground
2013,tt1343092,The Great Gatsby
2013,tt1951261,The Hangover part 3
2013,tt2404463,The Heat
2013,tt1170358,The Hobbit: The Desolation of Smaug
2013,tt1517260,The Host
2013,tt1951264,The Hunger Games: Catching Fire
2013,tt0790628,The Incredible Burt Wonderstone
2013,tt2234155,The Internship
2013,tt2034139,The Last Exorcism Part II
2013,tt1210819,The Lone Ranger
2013,tt1538403,The Mortal Instruments: City of Bones
2013,tt2184339,The Purge
2013,tt2017020,The Smurfs 2
2013,tt1758795,The To Do List
2013,tt1727388,The Way Way Back
2013,tt0993846,The Wolf of Wall Street
2013,tt1430132,The Wolverine
2013,tt1213663,The World&#39;s End
2013,tt1245492,This Is the End
2013,tt1981115,Thor: The Dark World
2013,tt1924429,Trance
2013,tt1860353,Turbo
2013,tt1588173,Warm Bodies
2013,tt1723121,We&#39;re the Millers
2013,tt2334879,White House Down
2013,tt0816711,World War Z
2012,tt1611224,Abraham Lincoln: Vampire Hunter
2012,tt1591479,Act of Valor
2012,tt1602620,Amour
2012,tt1781769,Anna Karenina
2012,tt1024648,Argo
2012,tt1440129,Battleship
2012,tt2125435,Beasts of the Southern Wild
2012,tt1758575,Blue Like Jazz
2012,tt1217209,Brave
2012,tt1308729,Bullet to the Head
2012,tt1991245,Chernobyl Diaries
2012,tt1706593,Chronicle
2012,tt1371111,Cloud Atlas
2012,tt1524137,Contraband
2012,tt1853728,Django Unchained
2012,tt1907668,Flight
2012,tt1142977,Frankenweenie
2012,tt2243973,Hannibal
2012,tt0837562,Hotel Transylvania
2012,tt0790724,Jack Reacher
2012,tt2106476,Jagten
2012,tt0401729,John Carter
2012,tt1764234,Killing Them Softly
2012,tt1707386,Les Miserables
2012,tt0454876,Life of Pi
2012,tt0443272,Lincoln
2012,tt1277953,Madagascar 3: Europe&#39;s Most Wanted
2012,tt1409024,Men in Black III
2012,tt1667353,Mirror Mirror
2012,tt1748122,Moonrise Kingdom
2012,tt2094064,Much Ado About Nothing
2012,tt1598828,One for the Money
2012,tt2109184,Paranormal Activity 4
2012,tt1623288,ParaNorman
2012,tt1047540,Parental Guidance
2012,tt1716777,People Like Us
2012,tt1981677,Pitch Perfect
2012,tt1547234,Premium Rush
2012,tt1234719,Red Dawn
2012,tt0485985,Red Tails
2012,tt1446192,Rise of the Guardians
2012,tt1336608,Rock of Ages
2012,tt1656190,Safe
2012,tt1862079,Safety Not Guaranteed
2012,tt1931533,Seven Psychopaths
2012,tt0938330,Silent Hill: Revelation 3D
2012,tt1045658,Silver Linings Playbook
2012,tt1922777,Sinister
2012,tt1074638,Skyfall
2012,tt1735898,Snow White and the Huntsman
2012,tt1876451,Sparkle
2012,tt2101441,Spring Breakers
2012,tt1800741,Step Up Revolution
2012,tt1874789,Supporting Characters
2012,tt1637725,Ted
2012,tt1232200,That&#39;s My Boy
2012,tt0948470,The Amazing Spider-Man
2012,tt0848228,The Avengers
2012,tt1345836,The Dark Knight Rises
2012,tt1560985,The Devil Inside
2012,tt1645170,The Dictator
2012,tt1764651,The Expendables 2
2012,tt1601913,The Grey
2012,tt0903624,The Hobbit: An Unexpected Journey
2012,tt1392170,The Hunger Games
2012,tt1649419,The Impossible
2012,tt1258972,The Man with the Iron Fists
2012,tt1560747,The Master
2012,tt1430626,The Pirates! Band of Misfits
2012,tt1817273,The Place Beyond the Pines
2012,tt1673434,The Twilight Saga: Breaking Dawn - Part 2
2012,tt1606389,The Vow
2012,tt1298649,The Watch
2012,tt1596365,The Woman in Black
2012,tt1840417,The Words
2012,tt1621045,Think Like a Man
2012,tt1859650,To Rome With Love
2012,tt1386703,Total Recall
2012,tt1496025,Underworld: Awakening
2012,tt1655460,Wanderlust
2012,tt1586265,What to Expect When You&#39;re Expecting
2012,tt1870529,Won&#39;t Back Down
2012,tt1646987,Wrath of the Titans
2012,tt1772341,Wreck-It Ralph
2012,tt1790885,Zero Dark Thirty
2011,tt1622547,30 Minutes or Less
2011,tt1306980,50/50
2011,tt1571222,A Dangerous Method
2011,tt1422136,A Lonely Place to Die
2011,tt1268799,A Very Harold &amp; Kumar 3D Christmas
2011,tt1549572,Another Earth
2011,tt1772240,Apollo 18
2011,tt1430607,Arthur Christmas
2011,tt1478964,Attack the Block
2011,tt1284575,Bad Teacher
2011,tt1217613,Battle: Los Angeles
2011,tt1152398,Beastly
2011,tt1629705,Blackthorn
2011,tt1478338,Bridesmaids
2011,tt0458339,Captain America: The First Avenger
2011,tt1216475,Cars 2
2011,tt1684628,Circumstance
2011,tt1657507,Colombiana
2011,tt0816462,Conan the Barbarian
2011,tt1598778,Contagion
2011,tt1372686,Coriolanus
2011,tt0409847,Cowboys &amp; Aliens
2011,tt1701990,Detention
2011,tt1650043,Diary of a Wimpy Kid: Rodrick Rules
2011,tt1564349,Dolphin Tale
2011,tt1462041,Dream House
2011,tt0780504,Drive
2011,tt1596343,Fast Five
2011,tt1622979,Final Destination 5
2011,tt1068242,Footloose
2011,tt1438176,Fright Night
2011,tt1133985,Green Lantern
2011,tt0480687,Hall Pass
2011,tt0993842,Hanna
2011,tt1201607,Harry Potter and the Deathly Hallows: Part 2
2011,tt1506999,Haywire
2011,tt1403177,Hesher
2011,tt1562568,Higher Ground
2011,tt1640459,Hobo with a Shotgun
2011,tt1411704,Hop
2011,tt1499658,Horrible Bosses
2011,tt0970179,Hugo
2011,tt1464540,I Am Number Four
2011,tt1253864,Immortals
2011,tt1637688,In Time
2011,tt1606618,Iris
2011,tt1410063,Jin ling shi san chai
2011,tt1634122,Johnny English Reborn
2011,tt1640484,Jumping the Broom
2011,tt1564367,Just Go with It
2011,tt1788391,Kill List
2011,tt1448755,Killer Elite
2011,tt1302011,Kung Fu Panda 2
2011,tt1508675,Le Havre
2011,tt1758692,Like Crazy
2011,tt1219289,Limitless
2011,tt0466893,Margaret
2011,tt1615147,Margin Call
2011,tt1305591,Mars Needs Moms
2011,tt1441326,Martha Marcy May Marlene
2011,tt1527186,Melancholia
2011,tt1605783,Midnight in Paris
2011,tt1229238,Mission: Impossible - Ghost Protocol
2011,tt1210166,Moneyball
2011,tt1396218,Mr. Popper&#39;s Penguins
2011,tt1598822,New Year&#39;s Eve
2011,tt1411238,No Strings Attached
2011,tt1720182,October Baby
2011,tt1637706,Our Idiot Brother
2011,tt1778304,Paranormal Activity 3
2011,tt1092026,Paul
2011,tt1298650,Pirates of the Caribbean: On Stranger Tides
2011,tt0822847,Priest
2011,tt0448694,Puss in Boots
2011,tt1192628,Rango
2011,tt0433035,Real Steel
2011,tt1486185,Red Riding Hood
2011,tt0873886,Red State
2011,tt1498569,Restless
2011,tt1436562,Rio
2011,tt1318514,Rise of the Planet of the Apes
2011,tt1723811,Shame
2011,tt1541995,Snow Flower and the Secret Fan
2011,tt1596346,Soul Surfer
2011,tt0945513,Source Code
2011,tt0999913,Straw Dogs
2011,tt0978764,Sucker Punch
2011,tt1650062,Super 8
2011,tt1675192,Take Shelter
2011,tt1385826,The Adjustment Bureau
2011,tt0983193,The Adventures of Tintin
2011,tt1655442,The Artist
2011,tt1412386,The Best Exotic Marigold Hotel
2011,tt1259521,The Cabin in the Woods
2011,tt1093357,The Darkest Hour
2011,tt1535616,The Divide
2011,tt1235170,The Future
2011,tt1568346,The Girl with the Dragon Tattoo
2011,tt0990407,The Green Hornet
2011,tt1540133,The Guard
2011,tt1454029,The Help
2011,tt1007029,The Iron Lady
2011,tt1189340,The Lincoln Lawyer
2011,tt0472399,The Mechanic
2011,tt1204342,The Muppets
2011,tt1161864,The Rite
2011,tt1265990,The Roommate
2011,tt0472181,The Smurfs
2011,tt1509767,The Three Musketeers
2011,tt0478304,The Tree of Life
2011,tt1324999,The Twilight Saga: Breaking Dawn - Part 1
2011,tt0800369,Thor
2011,tt1340800,Tinker Tailor Soldier Spy
2011,tt0471042,Tower Heist
2011,tt1399103,Transformers: Dark of the Moon
2011,tt1568911,War Horse
2011,tt1291584,Warrior
2011,tt1389137,We Bought a Zoo
2011,tt1714210,Weekend
2011,tt0770703,What&#39;s Your Number
2011,tt1449283,Winnie the Pooh
2011,tt1270798,X-Men: First Class
2011,tt1625346,Young Adult
2011,tt1742336,Your Sister&#39;s Sister
2010,tt1542344,127 Hours
2010,tt1014759,Alice in Wonderland
2010,tt1313092,Animal Kingdom
2010,tt1431181,Another Year
2010,tt1423894,Barney&#39;s Version
2010,tt1532503,Beginners
2010,tt1164999,Biutiful
2010,tt0947798,Black Swan
2010,tt1120985,Blue Valentine
2010,tt1126591,Burlesque
2010,tt1194417,Casino Jack
2010,tt1020558,Centurion
2010,tt1438254,Charlie St. Cloud
2010,tt0800320,Clash of the Titans
2010,tt1244754,Conviction
2010,tt1385867,Cop Out
2010,tt1555064,Country Strong
2010,tt1336617,Cyrus
2010,tt1279935,Date Night
2010,tt0989757,Dear John
2010,tt1323594,Despicable Me
2010,tt1314655,Devil
2010,tt1196141,Diary of a Wimpy Kid
2010,tt0427152,Dinner for Schmucks
2010,tt1270761,Don&#39;t Be Afraid of the Dark
2010,tt1231583,Due Date
2010,tt1013860,Dylan Dog: Dead of Night
2010,tt1282140,Easy A
2010,tt0879870,"Eat, Pray, Love"
2010,tt1226273,Edge of Darkness
2010,tt1531663,Everything Must Go
2010,tt0977855,Fair Game
2010,tt1433108,Faster
2010,tt1405500,For Colored Girls
2010,tt1323045,Frozen
2010,tt1226229,Get Him To The Greek
2010,tt1322312,Going the Distance
2010,tt0947810,Green Zone
2010,tt1375670,Grown Ups
2010,tt1376195,Gunless
2010,tt0926084,Harry Potter and the Deathly Hallows: Part 1
2010,tt1231587,Hot Tub Time Machine
2010,tt0892769,How to Train Your Dragon
2010,tt1226236,I Am Love
2010,tt1375666,Inception
2010,tt1591095,Insidious
2010,tt1228705,Iron Man 2
2010,tt0804497,It&#39;s Kind of a Funny Story
2010,tt1250777,Kick-Ass
2010,tt1013743,Knight and Day
2010,tt1038686,Legion
2010,tt1228987,Let Me In
2010,tt0892318,Letters to Juliet
2010,tt0758752,Love and Other Drugs
2010,tt0985694,Machete
2010,tt1371155,Made In Dagenham
2010,tt1518812,Meek&#39;s Cutoff
2010,tt1001526,Megamind
2010,tt1470827,Monsters
2010,tt1126618,Morning Glory
2010,tt1415283,Nanny McPhee and the Big Bang
2010,tt1334260,Never Let Me Go
2010,tt1536044,Paranormal Activity 2
2010,tt0814255,Percy Jackson &amp; the Olympians: The Lightning Thief
2010,tt0878835,Please Give
2010,tt1424381,Predators
2010,tt0473075,Prince of Persia: The Sands of Time
2010,tt0935075,Rabbit Hole
2010,tt0493949,Ramona and Beezus
2010,tt1245526,Red
2010,tt1403981,Remember Me
2010,tt1053424,Repo Men
2010,tt0955308,Robin Hood
2010,tt0944835,Salt
2010,tt0446029,Scott Pilgrim vs. the World
2010,tt1028576,Secretariat
2010,tt1261945,Sex and the city 2
2010,tt0892791,Shrek Forever After
2010,tt1130884,Shutter Island
2010,tt1564585,Skyline
2010,tt1421051,Somewhere
2010,tt1440292,Submarine
2010,tt1512235,Super
2010,tt1135084,Takers
2010,tt0398286,Tangled
2010,tt0429493,The A-Team
2010,tt1212436,The Back-up Plan
2010,tt0980970,The Chronicles of Narnia: The Voyage of the Dawn Treader
2010,tt0968264,The Conspirator
2010,tt0455407,The Crazies
2010,tt1226753,The Debt
2010,tt1320253,The Expendables
2010,tt0964517,The Fighter
2010,tt1139328,The Ghost Writer
2010,tt0775489,The Illusionist
2010,tt1155076,The Karate Kid
2010,tt0842926,The Kids Are All Right
2010,tt0954947,The Killer Inside Me
2010,tt1504320,The King&#39;s Speech
2010,tt0938283,The Last Airbender
2010,tt1320244,The Last Exorcism
2010,tt0480255,The Losers
2010,tt1458175,The Next Three Days
2010,tt1386588,The Other Guys
2010,tt1017451,The Runaways
2010,tt1285016,The Social Network
2010,tt0963966,The Sorcerer&#39;s Apprentice
2010,tt1273678,The Spy Next Door
2010,tt0889573,The Switch
2010,tt1274300,The Tempest
2010,tt1243957,The Tourist
2010,tt0840361,The Town
2010,tt1325004,The Twilight Saga: Eclipse
2010,tt0780653,The Wolfman
2010,tt1570989,Tiny Furniture
2010,tt0435761,Toy Story 3
2010,tt1104001,Tron Legacy
2010,tt1403865,True Grit
2010,tt1465522,Tucker and Dale vs Evil
2010,tt0477080,Unstoppable
2010,tt0817230,Valentine&#39;s Day
2010,tt1027718,Wall Street: Money Never Sleeps
2010,tt1183923,Welcome to the Rileys
2010,tt1235189,Wild Target
2010,tt1399683,Winter&#39;s Bone
2010,tt1216520,Womb
2010,tt1302067,Yogi Bear
2010,tt1414382,You Again
2010,tt1182350,You Will Meet a Tall Dark Stranger
2009,tt1022603,(500) Days of Summer
2009,tt0974661,17 Again
2009,tt1190080,2012
2009,tt0472033,9
2009,tt0971209,A Perfect Getaway
2009,tt1019452,A Serious Man
2009,tt1315981,A Single Man
2009,tt1185836,Adam
2009,tt1091722,Adventureland
2009,tt1186830,Agora
2009,tt1077262,Ajami
2009,tt0881891,All About Steve
2009,tt1174732,An Education
2009,tt0808151,Angels &amp; Demons
2009,tt0913354,Armored
2009,tt0375568,Astro Boy
2009,tt0499549,Avatar
2009,tt1176740,Away We Go
2009,tt0889583,Br&uuml;no
2009,tt0901476,Bride Wars
2009,tt0810784,Bright Star
2009,tt1210042,Brooklyn&#39;s Finest
2009,tt0765010,Brothers
2009,tt1232207,Capitalism: A Love Story
2009,tt0795351,Case 39
2009,tt1352824,Chloe
2009,tt0844471,Cloudy with a Chance of Meatballs
2009,tt1035736,Coco avant Chanel
2009,tt0327597,Coraline
2009,tt0433362,Daybreakers
2009,tt1278340,Dead Snow
2009,tt1136608,District 9
2009,tt1127180,Drag Me to Hell
2009,tt1191111,Enter the Void
2009,tt0780511,Everybody&#39;s Fine
2009,tt0432283,Fantastic Mr. Fox
2009,tt1013752,Fast &amp; Furious
2009,tt1083456,Fired Up!
2009,tt1232776,Fish Tank
2009,tt0758746,Friday the 13th
2009,tt1201167,Funny People
2009,tt0436339,G-Force
2009,tt1046173,G.I. Joe: The Rise of Cobra
2009,tt1034032,Gamer
2009,tt1194263,Get Low
2009,tt1289406,Harry Brown
2009,tt0417741,Harry Potter and the Half-Blood Prince
2009,tt1001508,He&#39;s Just Not That Into You
2009,tt1024744,I Come with the Rain
2009,tt1045772,I Love You Phillip Morris
2009,tt1155056,"I Love You, Man"
2009,tt1080016,Ice Age: Dawn of the Dinosaurs
2009,tt0361748,Inglourious Basterds
2009,tt1057500,Invictus
2009,tt1230414,It&#39;s Complicated
2009,tt1131734,Jennifer&#39;s Body
2009,tt1135503,Julie &amp; Julia
2009,tt0448011,Knowing
2009,tt1197624,Law Abiding Citizen
2009,tt0808526,Life During Wartime
2009,tt1149361,Micmacs (Micmacs &agrave; tire-larigot)
2009,tt0892782,Monsters vs Aliens
2009,tt1182345,Moon
2009,tt1121977,Mother and Child
2009,tt1179891,My Bloody Valentine 3D
2009,tt1078588,My Sister&#39;s Keeper
2009,tt0875034,Nine
2009,tt1186367,Ninja Assassin
2009,tt1266029,Nowhere Boy
2009,tt1235796,Ondine
2009,tt1532957,Paa
2009,tt1188729,Pandorum
2009,tt1003034,Perrier&#39;s Bounty
2009,tt0762125,Planet 51
2009,tt0929632,Precious: Based on the Novel Push by Sapphire
2009,tt1152836,Public Enemies
2009,tt0465580,Push
2009,tt0988045,Sherlock Holmes
2009,tt1017460,Splice
2009,tt0796366,Star Trek
2009,tt0473705,State of Play
2009,tt0986263,Surrogates
2009,tt0438488,Terminator Salvation
2009,tt0878804,The Blind Side
2009,tt1131729,The Boat That Rocked
2009,tt1300851,The Boondock Saints II: All Saints Day
2009,tt0362478,The Box
2009,tt0896923,The City of Your Final Destination
2009,tt1144884,The Final Destination
2009,tt1220198,The Fourth Kind
2009,tt1132620,The Girl with the Dragon Tattoo
2009,tt1103982,The Girlfriend Experience
2009,tt1247662,The Good Guy
2009,tt1119646,The Hangover
2009,tt1054606,The Imaginarium of Doctor Parnassus
2009,tt1130080,The Informant!
2009,tt1058017,The Invention of Lying
2009,tt0824758,The Last Station
2009,tt0380510,The Lovely Bones
2009,tt1234548,The Men Who Stare at Goats
2009,tt0790712,The Messenger
2009,tt0780521,The Princess and the Frog
2009,tt1041829,The Proposal
2009,tt0898367,The Road
2009,tt0485601,The Secret of Kells
2009,tt0821642,The Soloist
2009,tt1111422,The Taking of Pelham 123
2009,tt0452694,The Time Traveler&#39;s Wife
2009,tt1142988,The Ugly Truth
2009,tt1139668,The Unborn
2009,tt0962736,The Young Victoria
2009,tt1055369,Transformers: Revenge of the Fallen
2009,tt1049413,Up
2009,tt1193138,Up in the Air
2009,tt1068678,Veronika Decides to Die
2009,tt0409459,Watchmen
2009,tt1178663,Whatever Works
2009,tt0386117,Where the Wild Things Are
2009,tt1172233,Whip It
2009,tt0365929,Whiteout
2009,tt0458525,X-Men Origins: Wolverine
2009,tt0448182,Yesterday Was a Lie
2009,tt0403702,Youth in Revolt
2009,tt1156398,Zombieland
2008,tt0478087,21
2008,tt0800308,Appaloosa
2008,tt0455824,Australia
2008,tt0871426,Baby Mama
2008,tt0799934,Be Kind Rewind
2008,tt0960731,Bedtime Stories
2008,tt0861689,Blindness
2008,tt0397892,Bolt
2008,tt0887883,Burn After Reading
2008,tt0824747,Changeling
2008,tt0892255,Che: Part One
2008,tt0970411,City of Ember
2008,tt1060277,Cloverfield
2008,tt0489018,Day of the Dead
2008,tt0452608,Death Race
2008,tt1034303,Defiance
2008,tt0832266,"Definitely, Maybe"
2008,tt0483607,Doomsday
2008,tt0918927,Doubt
2008,tt1059786,Eagle Eye
2008,tt0808244,Easy Virtue
2008,tt1129423,Fireproof
2008,tt0486321,Fly Me to the Moon
2008,tt0800039,Forgetting Sarah Marshall
2008,tt0369436,Four Christmases
2008,tt0870111,Frost/Nixon
2008,tt0978759,Frozen River
2008,tt0876563,Gake no ue no Ponyo
2008,tt0995039,Ghost Town
2008,tt1205489,Gran Torino
2008,tt1104733,Hamlet 2
2008,tt0448157,Hancock
2008,tt1227929,Herb &amp; Dorothy
2008,tt0962726,High School Musical 3: Senior Year
2008,tt0465502,Igor
2008,tt0780536,In Bruges
2008,tt0367882,Indiana Jones and the Kingdom of the Crystal Skull
2008,tt0494238,Inkheart
2008,tt0371746,Iron Man
2008,tt0373051,Journey to the Center of the Earth
2008,tt0489099,Jumper
2008,tt0441773,Kung Fu Panda
2008,tt1139797,L&aring;t den r&auml;tte komma in (Let the Right One In)
2008,tt0866439,Made of Honor
2008,tt0467197,Max Payne
2008,tt0765476,Meet Dave
2008,tt1013753,Milk
2008,tt1046997,Miracle at St. Anna
2008,tt0981227,Nick and Norah&#39;s Infinite Playlist
2008,tt0410377,Nim&#39;s Island
2008,tt0910936,Pineapple Express
2008,tt1226681,Pontypool
2008,tt0368563,Possession
2008,tt0926129,Prom Night
2008,tt0830515,Quantum of Solace
2008,tt1082868,Quarantine
2008,tt1084950,Rachel Getting Married
2008,tt0959337,Revolutionary Road
2008,tt1032755,RocknRolla
2008,tt0814314,Seven Pounds
2008,tt1000774,Sex and the City
2008,tt1010048,Slumdog Millionaire
2008,tt0811080,Speed Racer
2008,tt0942903,Stargate: The Ark of Truth
2008,tt0838283,Step Brothers
2008,tt0862846,Sunshine Cleaning
2008,tt0383028,"Synecdoche, New York"
2008,tt0936501,Taken
2008,tt0200465,The Bank Job
2008,tt0844286,The Brothers Bloom
2008,tt0499448,The Chronicles of Narnia: Prince Caspian
2008,tt0421715,The Curious Case of Benjamin Button
2008,tt0468569,The Dark Knight
2008,tt0970416,The Day the Earth Stood Still
2008,tt0406759,The Eye
2008,tt0865556,The Forbidden Kingdom
2008,tt0852713,The House Bunny
2008,tt0887912,The Hurt Locker
2008,tt0800080,The Incredible Hulk
2008,tt0981072,The Lucky Ones
2008,tt0467200,The Other Boleyn Girl
2008,tt0976051,The Reader
2008,tt0416212,The Secret Life of Bees
2008,tt1018785,The Sisterhood of the Traveling Pants 2
2008,tt0482606,The Strangers
2008,tt420238,The Tale of Despereaux
2008,tt0430770,The Women
2008,tt1125849,The Wrestler
2008,tt0882978,Three Kingdoms: Resurrection of the Dragon
2008,tt0800241,Transsiberian
2008,tt0942385,Tropic Thunder
2008,tt1099212,Twilight
2008,tt0985699,Valkyrie
2008,tt0497465,Vicky Cristina Barcelona
2008,tt0910970,WALL-E
2008,tt1185616,Waltz with Bashir
2008,tt0493464,Wanted
2008,tt0494652,"Welcome Home, Roscoe Jenkins"
2008,tt1152850,Wendy and Lucy
2008,tt1033643,What Happens In Vegas
2008,tt1068680,Yes Man
2007,tt1038988,[Rec]
2007,tt0450385,1408
2007,tt0463854,28 Weeks Later
2007,tt0381849,3:10 to Yuma
2007,tt0389722,30 Days of Night
2007,tt0411061,88 Minutes
2007,tt0445922,Across the Universe
2007,tt0783233,Atonement
2007,tt0416508,Becoming Jane
2007,tt0442933,Beowulf
2007,tt0445934,Blades of Glory
2007,tt0398808,Bridge to Terabithia
2007,tt0283503,Brooklyn Rules
2007,tt0423977,Charlie Bartlett
2007,tt0472062,Charlie Wilson&#39;s War
2007,tt0795368,Death at a Funeral
2007,tt0848557,Diary of the Dead
2007,tt0486822,Disturbia
2007,tt0765443,Eastern Promises
2007,tt0461770,Enchanted
2007,tt0486576,Fantastic Four: Rise of the Silver Surfer
2007,tt0452623,Gone Baby Gone
2007,tt0427327,Hairspray
2007,tt0373883,Halloween
2007,tt0367959,Hannibal Rising
2007,tt0373889,Harry Potter and the Order of the Phoenix
2007,tt0465494,Hitman
2007,tt0498353,Hostel: Part II
2007,tt0425112,Hot Fuzz
2007,tt0787475,Hot Rod
2007,tt0480249,I Am Legend
2007,tt0758758,Into the Wild
2007,tt0467406,Juno
2007,tt0478311,Knocked Up
2007,tt0805564,Lars and the real Girl
2007,tt0337978,Live Free or Die Hard
2007,tt0465538,Michael Clayton
2007,tt0758766,Music and Lyrics
2007,tt0477348,No Country for Old Men
2007,tt0481141,No Reservations
2007,tt1179904,Paranormal Activity
2007,tt0808417,Persepolis
2007,tt0449088,Pirates of the Caribbean: At World&#39;s End
2007,tt0477071,Premonition
2007,tt0382932,Ratatouille
2007,tt0432021,Resident Evil: Extinction
2007,tt00293564,Rush Hour 3
2007,tt0822854,Shooter
2007,tt0413267,Shrek the Third
2007,tt0964587,St. Trinian&#39;s
2007,tt0486655,Stardust
2007,tt0448134,Sunshine
2007,tt0829482,Superbad
2007,tt0815244,Sydney White
2007,tt0780622,Teeth
2007,tt0825232,The Bucket List
2007,tt0385752,The Golden Compass
2007,tt0419887,The Kite Runner
2007,tt0756683,The Man from Earth
2007,tt0425430,The Messengers
2007,tt0884328,The Mist
2007,tt0481369,The Number 23
2007,tt0775529,The Savages
2007,tt0780607,The Signal
2007,tt0462538,The Simpsons Movie
2007,tt0857191,The Visitor
2007,tt0469494,There Will Be Blood
2007,tt0453556,TMNT
2007,tt0418279,Transformers
2007,tt0861739,Tropa de Elite
2007,tt0473308,Waitress
2007,tt0498399,We Own the Night
2007,tt0496436,White Noise 2: The Light
2006,tt0416449,300
2006,tt0405296,A Scanner Darkly
2006,tt0437800,Akeelah and the Bee
2006,tt0429591,Aquamarine
2006,tt0416496,Bandidas
2006,tt0454082,Black Christmas
2006,tt0450259,Blood Diamond
2006,tt0479647,"Bon Cop, Bad Cop"
2006,tt0443453,Borat: Cultural Learnings of America for Make Benefit Glorious Nation of Kazakhstan
2006,tt0470705,Bug
2006,tt0317219,Cars
2006,tt0381061,Casino Royale
2006,tt0206634,Children of Men
2006,tt0424345,Clerks II
2006,tt0479884,Crank
2006,tt0405094,Das Leben Der Anderen
2006,tt0398913,DOA: Dead or Alive
2006,tt0457430,El laberinto del fauno (Pan's Labyrinth)
2006,tt0449010,Eragon
2006,tt0457572,Fido
2006,tt0414982,Final Destination 3
2006,tt0424095,Flushed Away
2006,tt0470765,For Your Consideration
2006,tt0436331,Friends with Money
2006,tt0438097,Ice Age: The Meltdown
2006,tt0417225,Idlewild
2006,tt0454848,Inside Man
2006,tt0493430,Jackass Number Two
2006,tt0452637,Lady in the Water
2006,tt0408985,Last Holiday
2006,tt0498380,Letters from Iwo Jima
2006,tt0404203,Little Children
2006,tt0449059,Little Miss Sunshine
2006,tt0490166,London To Brighton
2006,tt0425210,Lucky Number Slevin
2006,tt0483726,Man of the Year
2006,tt0422720,Marie Antoinette
2006,tt0482546,Miss Potter
2006,tt0385880,Monster House
2006,tt0457510,Nacho Libre
2006,tt0477347,Night at the Museum
2006,tt0465551,Notes on a Scandal
2006,tt0907657,Once
2006,tt0400717,Open Season
2006,tt0401711,Paris je t&#39;aime
2006,tt0396171,Perfume: The Story of a Murderer
2006,tt0383574,Pirates of the Caribbean: Dead Man&#39;s Chest
2006,tt0409182,Poseidon
2006,tt0451176,Quinceanera
2006,tt0405508,Rang De Basanti
2006,tt0439289,Running with Scissors
2006,tt0454945,She&#39;s the Man
2006,tt0423169,Sherrybaby
2006,tt0367027,Shortbus
2006,tt0384537,Silent Hill
2006,tt0439815,Slither
2006,tt0475394,Smokin&#39; Aces
2006,tt0417148,Snakes on a Plane
2006,tt0405336,Southland Tales
2006,tt0430634,Stick It
2006,tt0420223,Stranger Than Fiction
2006,tt0348150,Superman Returns
2006,tt0446046,Take the Lead
2006,tt0429589,The Ant Bully
2006,tt0452594,The Break Up
2006,tt0382625,The Da Vinci Code
2006,tt0783238,The Dead Girl
2006,tt0407887,The Departed
2006,tt0458352,The Devil Wears Prada
2006,tt0414993,The Fountain
2006,tt0433386,The Grudge 2
2006,tt0464049,The History Boys
2006,tt0457939,The Holiday
2006,tt0468492,The Host
2006,tt0443543,The Illusionist
2006,tt0410297,The Lake House
2006,tt0446755,The Painted Veil
2006,tt0482571,The Prestige
2006,tt0454921,The Pursuit of Happyness
2006,tt0436697,The Queen
2006,tt0460989,The Wind That Shakes the Barley
2006,tt0370032,Ultraviolet
2006,tt0441909,Volver
2006,tt0758794,We Are Marshall
2006,tt0455857,When a Stranger Calls
2006,tt0477139,Wristcutters: A Love Story
2006,tt0376994,X-Men: The Last Stand
2006,tt0463034,"You, Me and Dupree"
2006,tt0383060,Zoom
2006,tt0389557,Zwartboek
2005,tt0402022,AEon Flux
2005,tt0398712,Assault on Precinct 13
2005,tt0372784,Batman Begins
2005,tt0388500,Beauty Shop
2005,tt0374536,Bewitched
2005,tt0383222,BloodRayne
2005,tt0357507,Boogeyman
2005,tt0439478,Boynton Beach Club
2005,tt0393109,Brick
2005,tt0388795,Brokeback Mountain
2005,tt0379725,Capote
2005,tt0367594,Charlie and the Chocolate Factory
2005,tt0451094,Chinjeolhan geumjassi
2005,tt0352248,Cinderella Man
2005,tt0393162,Coach Carter
2005,tt0360486,Constantine
2005,tt0435623,Conversations with Other Women
2005,tt0121164,Corpse Bride
2005,tt0257516,Cursed
2005,tt0342258,Danny the dog
2005,tt0382628,Dark Water
2005,tt0342272,Dear Wendy
2005,tt0421054,Domino
2005,tt0419706,Doom
2005,tt0120667,Fantastic Four
2005,tt0408790,Flightplan
2005,tt0369441,Fun with Dick and Jane
2005,tt0433383,"Good Night, and Good Luck."
2005,tt0424136,Hard Candy
2005,tt0330373,Harry Potter and the Goblet of Fire
2005,tt0400497,Herbie Fully Loaded
2005,tt0382077,Hide and Seek
2005,tt0386588,Hitch
2005,tt0443536,Hoodwinked!
2005,tt0450278,Hostel
2005,tt0410097,Hustle &amp; Flow
2005,tt0396652,Ice Princess
2005,tt0418763,Jarhead
2005,tt0418773,Junebug
2005,tt0425123,Just Like Heaven
2005,tt0360717,King Kong
2005,tt0320661,Kingdom of Heaven
2005,tt0373469,Kiss Kiss Bang Bang
2005,tt0399295,Lord of War
2005,tt0351283,Madagascar
2005,tt0331933,Man of the House
2005,tt0416320,Match Point
2005,tt0415978,Me and You and Everyone We Know
2005,tt0397535,Memoirs of a Geisha
2005,tt0366780,MirrorMask
2005,tt0385307,Miss Congeniality 2: Armed &amp; Fabulous
2005,tt0356910,Mr. &amp; Mrs. Smith
2005,tt0408306,Munich
2005,tt0395972,North Country
2005,tt0380599,Oliver Twist
2005,tt0414387,Pride and Prejudice
2005,tt0377107,Proof
2005,tt0421239,Red Eye
2005,tt0294870,Rent
2005,tt0358082,Robots
2005,tt0432348,Saw II
2005,tt0379786,Serenity
2005,tt0338427,Shopgirl
2005,tt0401792,Sin City
2005,tt0474361,Sisters in Law
2005,tt0405325,Sky High
2005,tt0362165,Son of the Mask
2005,tt0121766,Star Wars: Episode III - Revenge of the Sith
2005,tt0382992,Stealth
2005,tt0369994,Strangers with Candy
2005,tt0427944,Thank You for Smoking
2005,tt0405422,The 40 Year Old Virgin
2005,tt0424774,The Adventures of Sharkboy and Lavagirl 3-D
2005,tt0384806,The Amityville Horror
2005,tt0357110,The Ballad of Jack and Rose
2005,tt0363771,"The Chronicles of Narnia: The Lion, the Witch and the Wardrobe"
2005,tt0387131,The Constant Gardener
2005,tt0435625,The Descent
2005,tt0395584,The Devil&#39;s Rejects
2005,tt0404032,The Exorcism of Emily Rose
2005,tt0432291,The Fog
2005,tt0371724,The Hitchhiker&#39;s Guide to the Galaxy
2005,tt0399201,The Island
2005,tt0366627,The Jacket
2005,tt0386140,The Legend of Zorro
2005,tt0402399,The New World
2005,tt0377109,The Ring Two
2005,tt0397101,The Skeleton Key
2005,tt0367089,The Squid and the Whale
2005,tt0372532,The Wedding Date
2005,tt0407265,Transamerica
2005,tt0423409,Tristram Shandy: A Cock and Bull Story
2005,tt0434409,V for Vendetta
2005,tt0348333,Waiting...
2005,tt0358273,Walk the Line
2005,tt0407304,War of the Worlds
2005,tt0240200,Water
2005,tt0375210,White Noise
2005,tt0443295,"Yours, Mine and Ours"
2005,tt0406375,Zathura: A Space Adventure
2004,tt0337563,13 Going on 30
2004,tt0212712,2046
2004,tt0343660,50 First Dates
2004,tt0356470,A Cinderella Story
2004,tt0359423,A Home at the End of The World
2004,tt0344510,A Very Long Engagement
2004,tt0357413,Anchorman: The Legend of Ron Burgundy
2004,tt0327437,Around the World in 80 Days
2004,tt0370263,AVP: Alien vs. Predator
2004,tt0414852,Banlieue 13
2004,tt0381681,Before Sunset
2004,tt0317198,Bridget Jones: The Edge of Reason
2004,tt0327554,Catwoman
2004,tt0337921,Cellular
2004,tt0376541,Closer
2004,tt0369339,Collateral
2004,tt0345074,Connie and Carla
2004,tt0375679,Crash
2004,tt0367631,D.E.B.S.
2004,tt0363547,Dawn of the Dead
2004,tt0364725,Dodgeball: A True Underdog Story
2004,tt0327679,Ella Enchanted
2004,tt0338013,Eternal Sunshine of the Spotless Mind
2004,tt0349416,Eulogy
2004,tt0308644,Finding Neverland
2004,tt0377062,Flight of the Phoenix
2004,tt0333766,Garden State
2004,tt0366551,Harold and Kumar Go to White Castle
2004,tt0304141,Harry Potter and the Prisoner of  Azkaban
2004,tt0167190,Hellboy
2004,tt0299172,Home on the Range
2004,tt0356721,I Heart Huckabees
2004,tt0343818,"I, Robot"
2004,tt0385267,In Good Company
2004,tt0362269,Kinsey
2004,tt0373074,Kung Fu Hustle
2004,tt0375912,Layer Cake
2004,tt0339291,Lemony Snicket&#39;s A Series of Unfortunate Events
2004,tt0390221,Maria Full of Grace
2004,tt0377092,Mean Girls
2004,tt0405159,Million Dollar Baby
2004,tt0349825,Miracle
2004,tt0382189,My Summer of Love
2004,tt0374900,Napoleon Dynamite
2004,tt0363282,New York Minute
2004,tt0390384,Primer
2004,tt0350028,Raising Helen
2004,tt0350258,Ray
2004,tt0318627,Resident Evil: Apocalypse
2004,tt0332375,Saved!
2004,tt0387564,Saw
2004,tt0363988,Secret Window
2004,tt0307453,Shark Tale
2004,tt0365748,Shaun of the Dead
2004,tt0298148,Shrek 2
2004,tt0375063,Sideways
2004,tt0346156,Sky Captain and the World of Tomorrow
2004,tt0371246,Spanglish
2004,tt0316654,Spider-Man 2
2004,tt0372588,Team America: World Police
2004,tt0338751,The Aviator
2004,tt0372183,The Bourne Supremacy
2004,tt0289879,The Butterfly Effect
2004,tt0296572,The Chronicles of Riddick
2004,tt0319262,The Day After Tomorrow
2004,tt0391198,The Grudge
2004,tt0317705,The Incredibles
2004,tt0362270,The Life Aquatic with Steve Zissou
2004,tt0332280,The Notebook
2004,tt0293508,The Phantom of the Opera
2004,tt0338348,The Polar Express
2004,tt0368933,The Princess Diaries 2: Royal Engagement
2004,tt0327162,The Stepford Wives
2004,tt0362227,The Terminal
2004,tt0368447,The Village
2004,tt0327247,The Whole Ten Yards
2004,tt0332452,Troy
2004,tt0338526,Van Helsing
2004,tt0383694,Vera Drake
2004,tt0381707,White Chicks
2004,tt0360201,Wimbledon
2003,tt0322259,2 Fast 2 Furious
2003,tt0315733,21 grams
2003,tt0319061,Big Fish
2003,tt0310778,Bon voyage
2003,tt0315327,Bruce Almighty
2003,tt0305357,Charlie&#39;s Angels: Full Throttle
2003,tt0159365,Cold Mountain
2003,tt0306685,Cradle 2 the Grave
2003,tt0317303,Daddy Day Care
2003,tt0287978,Daredevil
2003,tt0282209,Darkness Falls
2003,tt0285531,Dreamcatcher
2003,tt0309593,Final Destination 2
2003,tt0266543,Finding Nemo
2003,tt0322330,Freaky Friday
2003,tt0335119,Girl with a Pearl Earring
2003,tt0301357,Goodbye Lenin!
2003,tt0311289,Holes
2003,tt0329717,Hollywood Homicide
2003,tt0315983,House of Sand and Fog
2003,tt0251127,How to Lose a Guy in 10 Days
2003,tt0286716,Hulk
2003,tt0309698,Identity
2003,tt0199626,In the Cut
2003,tt0301470,Jeepers Creepers II
2003,tt0266697,Kill Bill: Vol. 1
2003,tt0325703,Lara Croft Tomb Raider: The Cradle of Life
2003,tt0333780,"Legally Blonde 2: Red, White &amp; Blonde"
2003,tt0286244,Les triplettes de Belleville
2003,tt0335266,Lost In Translation
2003,tt0314331,Love Actually
2003,tt0311113,Master and Commander: The Far Side of the World
2003,tt0304415,Mona Lisa Smile
2003,tt0340855,Monster
2003,tt0327056,Mystic River
2003,tt0316396,Peter Pan
2003,tt0325980,Pirates of the Caribbean: The Curse of the Black Pearl
2003,tt0366920,Pride and Prejudice
2003,tt0257076,S.W.A.T.
2003,tt0306047,Scary Movie 3
2003,tt0327137,Secondhand Lions
2003,tt0300471,Shanghai Knights
2003,tt0323944,Shattered Glass
2003,tt0165982,Sinbad: Legend of the Seven Seas
2003,tt0337741,Something&#39;s Gotta Give
2003,tt0338459,Spy Kids 3-D: Game Over
2003,tt0324133,Swimming Pool
2003,tt0181852,Terminator 3: Rise of the Machines
2003,tt0298814,The Core
2003,tt0317740,The Italian Job
2003,tt0283426,The Jungle Book 2
2003,tt0325710,The Last Samurai
2003,tt0311429,The League of Extraordinary Gentlemen
2003,tt0167260,The Lord of the Rings: The Return of the King
2003,tt0234215,The Matrix Reloaded
2003,tt0242653,The Matrix Revolutions
2003,tt0338188,The Missing
2003,tt0332379,The School of Rock
2003,tt0328538,Thirteen
2003,tt0300556,Timeline
2003,tt0339840,Undead
2003,tt0320691,Underworld
2003,tt0295700,Wrong Turn
2003,tt0290334,X2 (X-Men 2)
2002,tt0307901,25th Hour
2002,tt0289043,28 Days Later...
2002,tt0283832,8 femmes
2002,tt0298203,8 Mile
2002,tt0257360,About Schmidt
2002,tt0268126,Adaptation
2002,tt0286261,All or Nothing
2002,tt0168786,Antwone Fisher
2002,tt0295178,Austin Powers in Goldmember
2002,tt0286499,Bend It Like Beckham
2002,tt0187738,Blade II
2002,tt0300532,Blue Crush
2002,tt0303816,Cabin Fever
2002,tt0319970,Carrie
2002,tt0264464,Catch Me If You Can
2002,tt0299658,Chicago
2002,tt0275022,Crossroads
2002,tt0266452,Death to Smoochy
2002,tt0246460,Die Another Day
2002,tt0303933,Drumline
2002,tt0238380,Equilibrium
2002,tt0297884,Far from Heaven
2002,tt0120679,Frida
2002,tt0327753,Funny Ha Ha
2002,tt0217505,Gangs of New York
2002,tt0302674,Gerry
2002,tt0295297,Harry Potter and the Chamber of Secrets
2002,tt0257756,High Crimes
2002,tt0297181,I Spy
2002,tt0268380,Ice Age
2002,tt0280760,Igby Goes Down
2002,tt0278504,Insomnia
2002,tt0275847,Lilo and Stitch
2002,tt0252076,Maid in Manhattan
2002,tt0303361,May
2002,tt0120912,Men in Black II
2002,tt0181689,Minority Report
2002,tt0280590,Mr Deeds
2002,tt0259446,My Big Fat Greek Wedding
2002,tt0258000,Panic Room
2002,tt0183649,Phone Booth
2002,tt0238546,Queen of the Damned
2002,tt0252444,Rabbit-Proof Fence
2002,tt0296166,Real Women Have Curves
2002,tt0289765,Red Dragon
2002,tt0253556,Reign of Fire
2002,tt0120804,Resident Evil
2002,tt0267913,Scooby-Doo
2002,tt0286106,Signs
2002,tt0281373,Snow Dogs
2002,tt0307479,Solaris
2002,tt0145487,Spider-Man
2002,tt0166813,Spirit: Stallion of the Cimarron
2002,tt0283003,Spun
2002,tt0287717,Spy Kids 2: Island of Lost Dreams
2002,tt0253754,Star Trek: Nemesis
2002,tt0121765,Star Wars: Episode II - Attack of the Clones
2002,tt0180052,The Adventures of Pluto Nash
2002,tt0280460,The Banger Sisters
2002,tt0258463,The Bourne Identity
2002,tt0238924,The Dangerous Lives of Altar Boys
2002,tt0279113,The Good Girl
2002,tt0274558,The Hours
2002,tt0278500,The Importance of Being Earnest
2002,tt0167261,The Lord of the Rings: The Two Towers
2002,tt0289408,The Powerpuff Girls
2002,tt0258068,The Quiet American
2002,tt0298130,The Ring
2002,tt0292644,The Rules of Attraction
2002,tt0304669,The Santa Clause 2
2002,tt0253867,The Sweetest Thing
2002,tt0293662,The Transporter
2002,tt0290095,The Tuxedo
2002,tt0133240,Treasure Planet
2002,tt0283084,Tuck Everlasting
2002,tt0313737,Two Weeks Notice
2002,tt0277434,We Were Soldiers
2002,tt0298228,Whale Rider
2002,tt0283139,White Oleander
2002,tt0295701,xXx
2001,tt0268978,A Beautiful Mind
2001,tt0183790,A Knight&#39;s Tale
2001,tt0164334,Along Came A Spider
2001,tt0244000,American Outlaws
2001,tt0218817,Antitrust
2001,tt0212720,Artificial Intelligence: AI
2001,tt0230011,Atlantis: The Lost Empire
2001,tt0265086,Black Hawk Down
2001,tt0221027,Blow
2001,tt0243155,Bridget Jones&#39;s Diary
2001,tt0260866,Don&#39;t Say A Word
2001,tt0246578,Donnie Darko
2001,tt0240462,Dr. Dolittle 2
2001,tt0251075,Evolution
2001,tt0120681,From Hell
2001,tt0162346,Ghost World
2001,tt0280707,Gosford Park
2001,tt0212985,Hannibal
2001,tt0241527,Harry Potter and the Sorcerer&#39;s Stone
2001,tt0248845,Hedwig and the Angry Inch
2001,tt0253126,High Heels and Low Lifes
2001,tt0160399,Impostor
2001,tt0211443,Jason X
2001,tt0261392,Jay and Silent Bob Strike Back
2001,tt0263488,Jeepers Creepers
2001,tt0236348,Josie and the Pussycats
2001,tt0035423,Kate &amp; Leopold
2001,tt0271027,Kiss of the Dragon
2001,tt0264761,Kissing Jessica Stein
2001,tt0242587,L.I.E.
2001,tt0146316,Lara Croft: Tomb Raider
2001,tt0250494,Legally Blonde
2001,tt0258273,Lovely and Amazing
2001,tt0166276,Monkeybone
2001,tt0265343,Monsoon Wedding
2001,tt0198781,"Monsters, Inc."
2001,tt0203009,Moulin Rouge!
2001,tt0166924,Mulholland Dr.
2001,tt0161860,Nowhere in Africa
2001,tt0240772,Ocean&#39;s Eleven
2001,tt0181739,Osmosis Jones
2001,tt0213149,Pearl Harbor
2001,tt0206275,Save the Last Dance
2001,tt0256380,Shallow Hal
2001,tt0286112,Shaolin Soccer
2001,tt0126029,Shrek
2001,tt0244970,Someone Like You...
2001,tt0227538,Spy Kids
2001,tt0247745,Super Troopers
2001,tt0232500,The Fast and the Furious
2001,tt0221218,The Glass House
2001,tt0290879,The Legend of Suriyothai
2001,tt0120737,The Lord of the Rings: The Fellowship of the Ring
2001,tt0268995,The Majestic
2001,tt0267804,The One
2001,tt0230600,The Others
2001,tt0247638,The Princess Diaries
2001,tt0265666,The Royal Tenenbaums
2001,tt0209475,The Wedding Planner
2001,tt0245674,Thir13en Ghosts
2001,tt0139654,Training Day
2001,tt0242998,Valentine
2001,tt0259711,Vanilla Sky
2001,tt0196229,Zoolander
2000,tt0191754,28 Days
2000,tt0181875,Almost Famous
2000,tt0144084,American Psycho
2000,tt0221889,Beautiful Creatures
2000,tt0218839,Best in Show
2000,tt0249462,Billy Elliot
2000,tt0181984,Boiler Room
2000,tt0204946,Bring It On
2000,tt0162222,Cast Away
2000,tt0173716,Cecil B. Demented
2000,tt0210616,Center Stage
2000,tt0160127,Charlie&#39;s Angels
2000,tt0120630,Chicken Run
2000,tt0241303,Chocolat
2000,tt0200550,Coyote Ugly
2000,tt0168629,Dancer in the Dark
2000,tt0242423,"Dude, Where&#39;s My Car"
2000,tt0142032,Dune
2000,tt0195685,Erin Brockovich
2000,tt0195714,Final Destination
2000,tt0172495,Gladiator
2000,tt0187078,Gone in Sixty Seconds
2000,tt0146882,High Fidelity
2000,tt0164052,Hollow Man
2000,tt0185431,Little Nicky
2000,tt0199725,Love &amp; Basketball
2000,tt0212338,Meet the Parents
2000,tt0209144,Memento
2000,tt0212346,Miss Congeniality
2000,tt0183523,Mission to Mars
2000,tt0190590,"O Brother, Where Art Thou?"
2000,tt0134847,Pitch Black
2000,tt0257001,Pokemon: The Movie 2000
2000,tt0199753,Red Planet
2000,tt0210945,Remember the Titans
2000,tt0180093,Requiem for a Dream
2000,tt0122459,Return to Me
2000,tt0165929,Romeo Must Die
2000,tt0213203,Rugrats in Paris:
2000,tt0195234,Saving Grace
2000,tt0134084,Scream 3
2000,tt0203119,Sexy Beast
2000,tt0184894,Shanghai Noon
2000,tt0208092,Snatch.
2000,tt0210299,Songcatcher
2000,tt0163978,The Beach
2000,tt0209958,The Cell
2000,tt0120917,The Emperor&#39;s New Groove
2000,tt0219699,The Gift
2000,tt0187393,The Patriot
2000,tt0138749,The Road to El Dorado
2000,tt0202677,The Way of the Gun
2000,tt0190138,The Whole Nine Yards
2000,tt0146309,Thirteen days
2000,tt0120913,Titan A.E.
2000,tt0217869,Unbreakable
2000,tt0182508,Urbania
2000,tt0190865,Vertical Limit
2000,tt0161081,What Lies Beneath
2000,tt0207201,What Women Want
2000,tt0198021,Where the Heart Is
2000,tt0190332,"Wo hu cang long (Crouching Tiger, Hidden Dragon)"
2000,tt0120903,X-Men
1999,tt0147800,10 Things I Hate About You
1999,tt0134273,8MM
1999,tt0169547,American Beauty
1999,tt0163651,American Pie
1999,tt0122933,Analyze This
1999,tt0166485,Anna and the King
1999,tt0149691,Anywhere But Here
1999,tt0145660,Austin Powers: The Spy Who Shagged Me
1999,tt0120601,Being John Malkovich
1999,tt0165643,Black and White
1999,tt0181316,Blue Streak
1999,tt0171804,Boys Don&#39;t Cry
1999,tt0179116,But I&#39;m a Cheerleader
1999,tt0144814,Carrie 2: The Rage
1999,tt0139134,Cruel Intentions
1999,tt0144168,Dick
1999,tt0120655,Dogma
1999,tt0157503,Drop Dead Gorgeous
1999,tt0126886,Election
1999,tt0120663,Eyes Wide Shut
1999,tt0137523,Fight Club
1999,tt0155711,Flawless
1999,tt0126916,For Love of the Game
1999,tt0177789,Galaxy Quest
1999,tt0172493,"Girl, Interrupted"
1999,tt0139239,Go!
1999,tt0155776,Jawbreaker
1999,tt0175880,Magnolia
1999,tt0158811,Muppets From Space
1999,tt0132347,Mystery Men
1999,tt0125439,Notting Hill
1999,tt0151804,Office Space
1999,tt0120784,Payback
1999,tt0190641,Pocket Monsters: Mewtwo Strikes Back!
1999,tt0129332,Ravenous
1999,tt0162661,Sleepy Hollow
1999,tt0158983,South Park: Bigger Longer &amp; Uncut
1999,tt0120915,Star Wars: Episode I - The Phantom Menace
1999,tt0164912,Stuart Little
1999,tt0120855,Tarzan
1999,tt0120657,The 13th Warrior
1999,tt0185937,The Blair Witch Project
1999,tt0144117,The Boondock Saints
1999,tt0120689,The Green Mile
1999,tt0171363,The Haunting
1999,tt0129167,The Iron Giant
1999,tt0133093,The Matrix
1999,tt0120616,The Mummy
1999,tt0167404,The Sixth Sense
1999,tt0134119,The Talented Mr. Ripley
1999,tt0144640,Three to Tango
1999,tt0151568,Topsy-Turvy
1999,tt0120363,Toy Story 2
1999,tt0120458,Virus
1999,tt0120891,Wild Wild West
1999,tt0131646,Wing Commander
1998,tt0120577,54
1998,tt0120623,A Bug&#39;s Life
1998,tt0120586,American History X
1998,tt0120591,Armageddon
1998,tt0120603,Beloved
1998,tt0120611,Blade
1998,tt0144120,Bride of Chucky
1998,tt0118789,Buffalo &#39;66
1998,tt0118929,Dark City
1998,tt0120647,Deep Impact
1998,tt0134619,Disturbing Behavior
1998,tt0127536,Elizabeth
1998,tt0120660,Enemy of the State
1998,tt0120631,Ever After
1998,tt0120669,Fear and Loathing in Las Vegas
1998,tt0154420,Festen (The Celebration)
1998,tt0162973,Get Real
1998,tt0120685,Godzilla
1998,tt0120694,Halloween H20: 20 Years Later
1998,tt0147612,Happiness
1998,tt0119313,Hope Floats
1998,tt0147004,Little Voice
1998,tt0120735,"Lock, Stock and Two Smoking Barrels"
1998,tt0120738,Lost in Space
1998,tt0120749,Mercury Rising
1998,tt0120762,Mulan
1998,tt0120780,Out of Sight
1998,tt0138704,Pi
1998,tt0120791,Practical Magic
1998,tt0119942,Primary Colors
1998,tt0120800,Quest for Camelot
1998,tt0128442,Rounders
1998,tt0130827,Run Lola Run
1998,tt0120812,Rush Hour
1998,tt0128445,Rushmore
1998,tt0120813,Safe Men
1998,tt0120815,Saving Private Ryan
1998,tt0138097,Shakespeare in Love
1998,tt0120828,Six Days Seven Nights
1998,tt0120148,Sliding Doors
1998,tt0120831,Slums of Beverly Hills
1998,tt0122718,Small Soldiers
1998,tt0120321,Smoke Signals
1998,tt0120184,Sphere
1998,tt0120844,Star Trek: Insurrection
1998,tt0120686,Stepmom
1998,tt0118661,The Avengers
1998,tt0118715,The Big Lebowski
1998,tt0133751,The Faculty
1998,tt0120744,The Man in the Iron Mask
1998,tt0120746,The Mask of Zorro
1998,tt0120768,The Negotiator
1998,tt0120794,The Prince of Egypt
1998,tt0120108,The Proposition
1998,tt0120863,The Thin Red Line
1998,tt0120382,The Truman Show
1998,tt0129387,There&#39;s Something About Mary
1998,tt0146336,Urban Legend
1998,tt0120877,Vampires (John Carpenter&#39;s)
1998,tt0120879,Velvet Goldmine
1998,tt0120890,Wild Things
1998,tt0128853,You&#39;ve Got Mail
1997,tt0120133,A Simple Wish
1997,tt0118570,Air Bud
1997,tt0118571,Air Force One
1997,tt0118583,Alien: Resurrection
1997,tt0118617,Anastasia
1997,tt0119822,As Good as It Gets
1997,tt0118655,Austin Powers: International Man of Mystery
1997,tt0118688,Batman &amp; Robin
1997,tt0118749,Boogie Nights
1997,tt0118829,Cats Don&#39;t Dance
1997,tt0118842,Chasing Amy
1997,tt0128996,Cinderella
1997,tt0118866,Clockwatchers
1997,tt0118880,Con Air
1997,tt0118883,Conspiracy Theory
1997,tt0118884,Contact
1997,tt0119080,Eve&#39;s Bayou
1997,tt0119081,Event Horizon
1997,tt0119114,Fever Pitch
1997,tt0119137,Flubber
1997,tt0119173,G.I. Jane
1997,tt0119177,Gattaca
1997,tt0119190,George of the Jungle
1997,tt0119217,Good Will Hunting
1997,tt0119229,Grosse Pointe Blank
1997,tt0119282,Hercules
1997,tt0119345,I Know What You Did Last Summer
1997,tt0119361,In the Company of Men
1997,tt0119396,Jackie Brown
1997,tt0119468,Kiss the Girls
1997,tt0119488,L.A. Confidential
1997,tt0119528,Liar Liar
1997,tt0119654,Men in Black
1997,tt0119698,Mononoke-hime
1997,tt0119707,Mortal Kombat: Annihilation
1997,tt0417001,Must love Dogs
1997,tt0119738,My Best Friend&#39;s Wedding
1997,tt0124819,Orgazmo
1997,tt0120082,Scream 2
1997,tt0120094,Selena
1997,tt0120152,Smilla&#39;s Sense of Snow
1997,tt0120177,Spawn
1997,tt0120201,Starship Troopers
1997,tt0118971,The Devil&#39;s Advocate
1997,tt0119116,The Fifth Element
1997,tt0119174,The Game
1997,tt0119567,The Lost World: Jurassic Park
1997,tt0119874,The Peacemaker
1997,tt0119925,The Postman
1997,tt0120338,Titanic
1997,tt0120461,Volcano
1996,tt0115591,August
1996,tt0115736,Bound
1996,tt0115759,Broken Arrow
1996,tt0115857,Chain Reaction
1996,tt0116136,DragonHeart
1996,tt0116191,Emma
1996,tt0116225,Escape from L.A.
1996,tt0116260,Eye for an Eye
1996,tt0116282,Fargo
1996,tt0116361,Freeway
1996,tt0116367,From Dusk Till Dawn
1996,tt0116477,Hamlet
1996,tt0116493,Harriet the Spy
1996,tt0116629,Independence Day
1996,tt0116705,Jingle All the Way
1996,tt0116778,Kingpin
1996,tt0116931,Love and Other Catastrophes
1996,tt0116996,Mars Attacks!
1996,tt0117060,Mission: Impossible
1996,tt0117509,Romeo + Juliet
1996,tt0117571,Scream
1996,tt0117589,Secrets &amp; Lies
1996,tt0117603,Set It Off
1996,tt0117705,Space Jam
1996,tt0117723,Spy Hard
1996,tt0117731,Star Trek: First Contact
1996,tt0117765,Striptease
1996,tt0117887,That Thing You Do!
1996,tt0115798,The Cable Guy
1996,tt0115963,The Craft
1996,tt0116209,The English Patient
1996,tt0116277,The Fan
1996,tt0116313,The First Wives Club
1996,tt0116421,The Glimmer Man
1996,tt0116583,The Hunchback of Notre Dame
1996,tt0116908,The Long Kiss Goodnight
1996,tt0117057,The Mirror Has Two Faces
1996,tt0117500,The Rock
1996,tt0117951,Trainspotting
1996,tt0117998,Twister
1996,tt0118113,Walking and Talking
1996,tt0115856,When the Cat&#39;s Away
1995,tt0112384,Apollo 13
1995,tt0112401,Assassins
1995,tt0112462,Batman Forever
1995,tt0112471,Before Sunrise
1995,tt0112573,Braveheart
1995,tt0112641,Casino
1995,tt0112642,Casper
1995,tt0112697,Clueless
1995,tt0112715,Congo
1995,tt0112722,Copycat
1995,tt0112864,Die Hard: With a Vengeance
1995,tt0113101,Four rooms
1995,tt0113321,Home for the holidays
1995,tt0113497,Jumanji
1995,tt0113749,Mallrats
1995,tt0113855,Mortal Kombat
1995,tt0114069,Outbreak
1995,tt0114148,Pocahontas
1995,tt0112130,Pride and Prejudice
1995,tt0114319,Sabrina
1995,tt0114323,Safe
1995,tt0114369,Se7en
1995,tt0114388,Sense and Sensibility
1995,tt0114436,Showgirls
1995,tt0114508,Species
1995,tt0114614,Tank Girl
1995,tt0112346,The American President
1995,tt0112579,The Bridges of Madison County
1995,tt0113416,The Incredibly True Adventures of Two Girls in Love
1995,tt0113957,The Net
1995,tt0114214,The Quick and the Dead
1995,tt0114814,The Usual Suspects
1995,tt0114709,Toy Story
1995,tt0114746,Twelve Monkeys
1995,tt0114898,Waterworld
1995,tt0114906,Welcome to the Dollhouse
1994,tt0109040,Ace Ventura: Pet Detective
1994,tt0109254,Beverly Hills Cop III
1994,tt0109445,Clerks.
1994,tt0109504,Crooklyn
1994,tt0109686,Dumb &amp; Dumber
1994,tt0109707,Ed Wood
1994,tt0109830,Forrest Gump
1994,tt0110322,Legends of the Fall
1994,tt0110367,Little Women
1994,tt0110622,Naked Gun 33 1/3: The Final Insult
1994,tt0110857,Police Academy: Mission to Moscow
1994,tt0110889,Priest
1994,tt0110912,Pulp Fiction
1994,tt0111257,Speed
1994,tt0111282,Stargate
1994,tt0111301,Street Fighter
1994,tt0109446,The Client
1994,tt0110074,The Hudsucker Proxy
1994,tt0110357,The Lion King
1994,tt0110475,The Mask
1994,tt0111070,The Santa Clause
1994,tt0111143,The Shadow
1994,tt0111161,The Shawshank Redemption
1994,tt0111255,The Specialist
1994,tt0111438,Timecop
1994,tt0111503,True Lies
1993,tt0106582,Cliffhanger
1993,tt0106611,Cool Runnings
1993,tt0106677,Dazed and Confused
1993,tt0107007,Gettysburg
1993,tt0107048,Groundhog Day
1993,tt0107120,Hocus Pocus
1993,tt0107290,Jurassic Park
1993,tt0107614,Mrs. Doubtfire
1993,tt0311648,Pieces of April
1993,tt0108052,Schindler&#39;s List
1993,tt0108255,Super Mario Bros.
1993,tt0106226,The Age of Innocence
1993,tt0106977,The Fugitive
1993,tt0112389,The Princess and the Cobbler
1993,tt0107943,The Remains of the Day
1993,tt0108358,Tombstone
1992,tt0104257,A Few Good Men
1992,tt0104694,A League of Their Own
1992,tt0103639,Aladdin
1992,tt0103644,Alien 3
1992,tt0106308,Army of Darkness
1992,tt0103776,Batman Returns
1992,tt0103893,Buffy the Vampire Slayer
1992,tt0104070,Death Becomes Her
1992,tt0104815,El Mariachi
1992,tt0104348,Glengarry Glen Ross
1992,tt0104412,Hero
1992,tt0104431,Home Alone 2: Lost in New York
1992,tt0104797,Malcolm X
1992,tt0104952,My Cousin Vinny
1992,tt0105236,Reservoir Dogs
1992,tt0104036,The Crying Game
1992,tt0104868,The Mighty Ducks
1992,tt0104940,The Muppet Christmas Carol
1992,tt0105151,The Player
1992,tt0105793,Wayne&#39;s World
1991,tt0101414,Beauty and the Beast
1991,tt0101452,Bill &amp; Ted&#39;s Bogus Journey
1991,tt0102057,Hook
1991,tt0102070,Hudson Hawk
1991,tt0102798,Robin Hood: Prince of Thieves
1991,tt0102943,Slacker
1991,tt0102975,Star Trek VI: The Undiscovered Country
1991,tt0103060,Teenage Mutant Ninja Turtles II: The Secret of the Ooze
1991,tt0103064,Terminator 2: Judgement Day
1991,tt0101272,The Addams Family
1991,tt0102510,The Naked Gun 2 1/2: The Smell of Fear
1991,tt0102926,The Silence of the Lambs
1991,tt0103247,White Fang
1990,tt0099088,Back to the Future Part III
1990,tt0099253,Child&#39;s Play 2
1990,tt0099817,Dark Angel (I Come in Peace)
1990,tt0099423,Die Hard 2
1990,tt0099487,Edward Scissorhands
1990,tt0099582,Flatliners
1990,tt0099653,Ghost
1990,tt0099685,Goodfellas
1990,tt0099785,Home Alone
1990,tt0100263,Nikita
1990,tt0100403,Predator 2
1990,tt0100405,Pretty Woman
1990,tt0099810,The Hunt for Red October
1990,tt0100802,Total Recall
1990,tt0100814,Tremors
1989,tt0096874,Back to the Future Part II
1989,tt0096895,Batman
1989,tt0096928,Bill &amp; Ted&#39;s Excellent Adventure
1989,tt0097165,Dead Poets Society
1989,tt0097499,Henry V
1989,tt0097576,Indiana Jones and the Last Crusade
1989,tt0097742,Licence to Kill
1989,tt0097815,Major League
1989,tt0098206,Road House
1989,tt0098724,"Sex, Lies, and Videotape"
1989,tt0098382,Star Trek V: The Final Frontier
1989,tt0096754,The Abyss
1989,tt0098519,Troop Beverly Hills
1989,tt0098546,UHF
1988,tt0094612,Action Jackson
1988,tt0094625,Akira
1988,tt0094721,Beetle Juice
1988,tt0092675,Bloodsport
1988,tt0094862,Child&#39;s Play
1988,tt0094947,Dangerous Liaisons
1988,tt0095016,Die Hard
1988,tt0095631,Midnight Run
1988,tt0095687,My Stepmother Is an Alien
1988,tt0095690,Mystic Pizza
1988,tt0095889,Poltergeist III
1988,tt0095953,Rain Man
1988,tt0096061,Scrooged
1988,tt0095489,The Land Before Time
1988,tt0095497,The Last Temptation of Christ
1988,tt0096256,They Live
1988,tt0096320,Twins
1988,tt0096438,Who Framed Roger Rabbit
1988,tt0096487,Young Guns
1987,tt0092644,Beverly Hills Cop II
1987,tt0092991,Evil Dead II
1987,tt0093010,Fatal Attraction
1987,tt0093105,"Good Morning, Vietnam"
1987,tt0093177,Hellraiser
1987,tt0093409,Lethal Weapon
1987,tt0093773,Predator
1987,tt0093818,Radio Days
1987,tt0093870,RoboCop
1987,tt0094012,Spaceballs
1987,tt0094074,Superman IV: The Quest for Peace
1987,tt0093389,The Last Emperor
1987,tt0093437,The Lost Boys
1987,tt0093779,The Princess Bride
1986,tt0090605,Aliens
1986,tt0090555,Crocodile Dundee
1986,tt0091203,Highlander
1986,tt0091225,Howard The Duck
1986,tt0091419,Little Shop of Horrors
1986,tt0091738,Peggy Sue Got Married
1986,tt0091763,Platoon
1986,tt0092005,Stand By Me
1986,tt0090848,The Clan of the Cave Bear
1986,tt0092099,Top Gun
1985,tt0088763,Back to the Future
1985,tt0088846,Brazil
1985,tt0088944,Commando
1985,tt0088993,Day of the Dead
1985,tt0089457,Ladyhawke
1985,tt0089469,Legend
1985,tt0091578,My Beautiful Laundrette
1985,tt0089893,Red Sonja
1985,tt0089908,Return to Oz
1985,tt0088939,The Color Purple
1984,tt0087800,A nightmare on Elm Street
1984,tt0086879,Amadeus
1984,tt0086960,Beverly Hills Cop
1984,tt0086984,Body Double
1984,tt0087078,Conan the Destroyer
1984,tt0087182,Dune
1984,tt0087298,Friday the 13th Part IV: The Final Chapter
1984,tt0087332,Ghostbusters
1984,tt0087363,Gremlins
1984,tt0087469,Indiana Jones and the Temple of Doom
1984,tt0087928,Police Academy
1984,tt0087995,Repo Man
1984,tt0088161,Splash
1984,tt0088170,Star Trek III: The Search for Spock
1984,tt0087538,The Karate Kid
1984,tt0088247,The Terminator
1983,tt0085549,Flashdance
1983,tt0086190,Star Wars: Episode VI - Return of the Jedi
1983,tt0086393,Superman III
1983,tt0086541,Videodrome
1983,tt0086567,WarGames
1982,tt0083658,Blade Runner
1982,tt0083722,Cat People
1982,tt0082198,Conan the Barbarian
1982,tt0083833,Diner
1982,tt0083866,E.T.: The Extra-Terrestrial
1982,tt0083929,Fast Times at Ridgemont High
1982,tt0083944,First Blood
1982,tt0083972,Friday the 13th Part III
1982,tt0084516,Poltergeist
1982,tt0084522,Porky&#39;s
1982,tt0084726,Star Trek: The Wrath of Khan
1982,tt0083642,The Best Little Whorehouse in Texas
1982,tt0084805,Tootsie
1982,tt0084827,TRON
1981,tt0082096,Das Boot
1981,tt0082340,Escape from New York
1981,tt0082418,Friday the 13th Part 2
1981,tt0082495,Halloween II
1981,tt0082509,Heavy Metal
1981,tt0082517,History of the World: Part I
1981,tt0082971,Raiders of the Lost Ark
1981,tt0083907,The Evil Dead
1981,tt0081633,Time Bandits
1980,tt0080339,Airplane!
1980,tt0080492,Can&#39;t Stop the Music
1980,tt0080716,Fame
1980,tt0080745,Flash Gordon
1980,tt0080761,Friday the 13th
1980,tt0080855,Heaven&#39;s Gate
1980,tt0081375,Private Benjamin
1980,tt0081398,Raging Bull
1980,tt0081534,Somewhere in Time
1980,tt0080684,Star Wars: Episode V - The Empire Strikes Back
1980,tt0081573,Superman II
1980,tt0080455,The Blues Brothers
1980,tt0080749,The Fog
1980,tt0081505,The Shining
1979,tt0078748,Alien
1979,tt0078788,Apocalypse Now
1979,tt0079574,Moonraker
1979,tt0079945,Star Trek: The Motion Picture
1979,tt0078767,The Amityville Horror
1978,tt0077975,Animal House
1978,tt0077402,Dawn of the Dead
1978,tt0077405,Days of Heaven
1978,tt0077631,Grease
1978,tt0077651,Halloween
1978,tt0077713,I Spit on Your Grave
1978,tt0078346,Superman
1978,tt0077416,The Deer Hunter
1977,tt0075784,A Bridge Too Far
1977,tt0075686,Annie Hall
1977,tt0075860,Close Encounters of the Third Kind
1977,tt0074486,Eraserhead
1977,tt0076141,High Anxiety
1977,tt0076245,Julia
1977,tt0076759,Star Wars
1976,tt0074156,Assault on Precinct 13
1976,tt0074512,Family Plot
1976,tt0074812,Logan&#39;s Run
1976,tt0074958,Network
1976,tt0075148,Rocky
1976,tt0075222,Silent Movie
1976,tt0075249,Sparkle
1976,tt0075314,Taxi Driver
1975,tt0072684,Barry Lyndon
1975,tt0073195,Jaws
1975,tt0071853,Monty Python and the Holy Grail
1975,tt0073486,One Flew Over the Cuckoo&#39;s Nest
1975,tt0073629,The Rocky Horror Picture Show
1974,tt0071222,Black Christmas
1974,tt0071230,Blazing Saddles
1974,tt0071360,The Conversation
1974,tt0071562,The Godfather: Part II
1974,tt0072271,The Texas Chain Saw Massacre
1974,tt0072308,The Towering Inferno
1974,tt0072431,Young Frankenstein
1973,tt0069704,American Graffiti
1973,tt0068699,High Plains Drifter
1973,tt0070707,Sleeper
1973,tt0070047,The Exorcist
1973,tt0070735,The Sting
1972,tt0068156,1776
1972,tt0069089,Pink Flamingos
1972,tt0068646,The Godfather
1971,tt0067065,Escape from the Planet of the Apes
1971,tt0067741,Shaft
1971,tt0067800,Straw Dogs
1971,tt0067116,The French Connection
1971,tt0067992,Willy Wonka &amp; the Chocolate Factory
1970,tt0065466,Beyond the Valley of the Dolls
